"CustServ.Calls","Id"
1,1
1,2
0,3
2,4
3,5
0,6
3,7
0,8
1,9
0,10
0,12
1,13
3,14
4,15
1,17
3,18
1,19
1,20
0,21
0,23
2,24
0,25
3,26
0,27
3,28
0,29
1,30
2,31
1,32
3,33
0,35
3,36
0,37
1,38
3,39
1,40
3,41
2,43
3,44
1,45
2,46
3,47
2,48
1,50
3,51
1,52
2,53
2,54
1,56
1,57
3,59
1,60
1,61
2,62
2,63
3,64
2,65
2,66
0,67
0,68
1,69
3,71
0,72
3,73
1,74
0,75
1,76
2,79
1,80
1,81
3,82
3,83
1,84
0,86
1,88
2,89
1,91
1,93
3,94
3,95
1,96
0,97
4,98
4,101
0,102
0,103
1,104
1,105
4,106
2,107
1,108
1,109
3,110
1,111
2,112
4,113
1,114
1,115
1,117
2,119
2,120
1,121
0,122
3,123
1,124
2,125
1,126
2,129
3,130
3,131
1,132
1,133
4,134
1,135
3,136
5,137
3,138
1,139
2,140
1,141
0,142
3,143
1,144
3,146
1,147
1,148
1,149
2,150
1,151
1,152
1,153
1,154
5,155
0,156
0,158
1,159
1,160
0,161
0,162
3,163
1,164
1,165
2,166
1,167
1,168
1,169
0,170
1,171
2,172
3,173
1,174
0,175
2,176
0,177
2,178
3,179
3,180
4,181
2,183
2,184
3,185
1,186
1,187
2,188
1,189
1,190
0,191
1,192
2,193
0,194
1,195
1,196
0,197
0,200
3,201
2,202
3,203
2,204
1,205
1,206
2,207
3,208
3,209
3,210
1,211
0,212
1,213
1,214
3,216
0,217
3,218
0,220
3,221
1,222
1,223
2,224
2,225
1,226
3,227
2,228
4,229
0,230
1,232
3,233
0,234
1,235
2,237
3,238
0,239
1,240
0,241
1,243
3,244
0,246
0,247
0,248
4,249
2,250
4,252
3,253
0,254
0,255
4,256
1,257
1,258
1,260
1,261
1,262
1,263
1,264
2,265
1,266
4,267
3,268
0,269
2,270
0,271
1,272
3,273
3,274
1,275
3,276
0,277
2,279
3,280
2,281
2,282
1,283
1,284
3,285
2,286
2,287
2,288
0,289
0,291
0,292
1,293
1,295
1,296
2,297
0,298
4,299
1,300
2,301
1,304
1,305
2,306
0,309
3,310
1,312
0,313
0,314
0,315
1,316
2,317
3,318
3,319
0,321
1,322
0,323
1,324
3,325
0,326
1,327
1,328
0,329
0,330
3,331
0,334
1,335
1,336
0,337
2,338
2,339
0,340
1,342
0,343
2,344
1,345
3,346
1,347
1,348
3,349
4,351
4,352
1,353
2,354
1,356
1,357
2,358
1,359
1,360
0,362
1,363
2,364
0,365
4,367
1,368
1,369
0,370
1,371
2,372
2,374
2,375
0,376
2,377
1,378
2,380
3,381
1,382
0,383
1,384
2,385
4,386
3,387
1,388
1,389
3,390
1,391
0,392
5,393
2,394
0,396
0,397
1,399
1,401
0,402
1,403
1,404
4,405
0,406
0,407
1,409
2,410
2,411
2,412
0,413
3,414
0,415
0,418
1,419
2,420
2,421
1,422
0,423
3,424
1,425
1,426
1,427
1,428
3,429
2,430
1,432
1,433
2,434
0,435
1,436
1,437
1,439
2,440
1,441
0,442
1,443
1,444
2,445
0,446
3,447
2,448
1,449
4,450
0,451
0,452
0,453
1,454
2,457
2,458
3,459
0,460
1,461
3,462
1,463
0,464
0,465
1,468
3,469
2,470
1,471
3,472
1,473
0,475
3,476
1,477
3,478
1,479
2,480
1,481
1,482
0,483
2,484
3,485
0,486
0,487
0,488
1,489
1,490
0,491
2,494
1,495
2,496
2,497
2,498
1,500
3,501
1,502
0,504
0,505
1,506
2,507
1,509
1,511
3,512
2,513
0,514
1,516
2,517
2,518
1,519
3,520
1,521
7,523
2,524
1,525
2,526
0,527
0,528
2,529
0,530
2,531
2,532
2,533
1,534
4,535
1,536
1,537
0,538
0,539
2,540
1,541
0,542
3,544
3,545
1,546
0,549
4,550
2,552
2,554
2,555
2,556
0,557
1,558
2,560
1,561
0,562
1,563
1,564
2,565
3,566
2,567
2,568
2,569
1,571
2,572
1,573
3,574
1,576
3,577
2,578
1,579
1,580
3,582
1,583
1,584
1,586
1,587
1,588
1,590
2,591
1,592
2,593
2,594
2,595
1,596
3,597
2,598
1,599
0,600
2,601
1,603
3,604
1,605
0,607
1,608
0,609
3,610
3,611
1,612
4,613
2,615
1,616
2,617
3,618
1,619
1,621
1,622
2,623
3,624
0,625
3,626
4,628
1,629
0,631
0,632
3,633
2,634
2,635
5,636
1,637
0,638
1,639
0,640
2,641
1,642
0,643
0,644
1,645
3,646
0,647
1,648
0,649
2,651
1,652
3,653
3,654
1,655
0,657
2,658
0,659
1,660
1,662
0,663
3,664
1,665
2,666
2,667
0,668
1,669
0,670
1,671
2,672
0,673
3,674
1,675
1,676
0,677
1,678
0,679
1,681
0,682
3,683
1,684
3,685
1,686
3,687
1,688
3,689
1,690
2,691
1,692
4,693
3,694
6,695
1,696
1,697
0,698
0,699
0,700
0,701
0,702
1,703
1,704
3,705
1,706
1,707
3,708
2,709
2,710
3,711
4,712
2,713
2,714
2,715
2,717
1,718
1,719
2,720
0,721
1,723
3,724
1,725
2,726
1,727
1,728
2,729
0,730
2,732
2,733
2,734
1,735
3,736
1,739
1,740
1,741
0,742
5,743
1,744
1,745
1,746
1,747
1,748
1,749
1,750
3,751
0,752
3,753
2,754
1,755
2,756
2,757
1,758
2,759
2,760
1,761
2,762
1,763
0,764
0,765
2,766
2,768
3,769
1,770
1,771
0,773
1,775
1,776
0,777
2,778
6,779
2,780
2,781
1,782
1,783
3,784
1,785
3,786
0,787
2,789
3,790
0,791
2,792
2,794
1,795
1,796
1,797
2,799
1,800
1,801
1,802
0,803
1,804
0,805
0,806
0,807
1,808
0,809
1,810
1,811
0,812
1,813
0,814
1,815
1,817
2,818
1,819
1,820
2,821
0,822
1,823
1,824
2,825
1,826
1,827
0,828
2,829
2,830
2,832
0,834
3,835
1,836
0,837
0,838
1,839
1,840
3,841
5,842
2,843
1,844
1,845
1,846
1,848
0,849
2,850
0,851
3,853
3,854
2,855
2,856
1,857
1,858
1,859
2,861
1,862
3,863
1,864
3,865
4,866
0,867
1,868
0,869
2,870
0,871
1,873
1,874
5,875
1,876
1,877
1,878
1,879
4,880
1,881
3,882
1,883
1,884
2,885
2,886
0,887
1,888
2,889
0,890
0,891
1,892
2,894
2,896
2,897
0,898
1,899
1,900
0,901
7,903
0,904
0,907
1,908
6,909
0,910
0,911
2,913
1,914
2,916
2,917
0,918
1,919
1,920
1,921
1,922
1,923
1,924
1,925
1,926
0,927
0,928
2,929
1,930
0,931
1,932
1,933
1,935
4,936
0,937
2,938
1,939
2,940
0,941
2,942
0,943
1,944
2,946
1,948
1,949
1,950
1,951
4,952
3,953
2,954
2,955
0,956
2,957
0,958
3,959
2,960
3,961
0,962
3,963
1,964
1,965
0,966
0,968
0,970
1,971
3,972
1,973
0,974
6,975
0,977
0,980
3,981
1,982
1,983
1,984
1,985
1,987
3,989
1,990
0,991
2,992
1,993
0,994
3,995
1,996
0,997
2,998
0,999
0,1000
1,1002
2,1003
0,1004
1,1005
2,1006
2,1007
1,1008
2,1009
3,1010
0,1011
2,1012
2,1013
1,1014
0,1015
0,1016
1,1017
2,1018
1,1020
2,1021
1,1022
0,1023
2,1024
1,1025
1,1026
2,1027
1,1029
0,1030
1,1032
1,1033
2,1034
2,1035
2,1036
3,1037
0,1038
2,1040
4,1041
0,1042
0,1043
3,1044
4,1045
4,1046
0,1047
0,1048
0,1049
1,1050
2,1051
0,1052
1,1053
2,1054
1,1055
1,1056
0,1057
1,1058
0,1059
1,1060
1,1061
1,1062
1,1063
1,1064
2,1065
0,1066
0,1067
1,1068
0,1069
1,1070
1,1071
1,1072
1,1073
1,1074
2,1075
0,1076
1,1077
1,1080
0,1081
1,1082
3,1083
3,1084
3,1085
2,1086
3,1087
1,1088
0,1089
2,1090
0,1091
2,1092
1,1093
2,1094
0,1095
1,1096
1,1097
1,1098
1,1099
3,1100
1,1101
2,1102
0,1104
4,1105
3,1107
3,1108
3,1109
0,1110
2,1111
0,1112
0,1113
1,1114
1,1115
3,1117
1,1118
3,1119
3,1120
1,1121
2,1124
1,1125
2,1126
2,1127
0,1128
2,1129
2,1130
1,1131
1,1132
1,1133
1,1135
2,1136
1,1138
1,1139
2,1140
1,1141
1,1142
0,1144
2,1145
0,1146
1,1147
0,1148
3,1149
2,1150
0,1152
1,1153
1,1154
1,1155
1,1157
1,1158
1,1159
0,1160
0,1161
3,1162
0,1163
1,1164
2,1165
0,1166
3,1167
1,1168
1,1169
1,1170
0,1171
1,1172
2,1173
1,1174
1,1175
0,1176
4,1177
3,1178
3,1179
1,1180
0,1181
1,1182
2,1184
2,1185
3,1186
0,1187
2,1188
1,1189
0,1190
0,1191
2,1192
1,1195
1,1196
1,1197
4,1198
2,1199
1,1200
1,1201
2,1202
0,1203
1,1204
1,1206
0,1207
2,1208
3,1209
0,1210
1,1211
1,1212
1,1213
1,1214
2,1215
1,1216
3,1217
4,1218
3,1219
1,1220
2,1221
2,1222
3,1223
1,1224
1,1225
1,1226
2,1227
0,1228
1,1229
2,1230
1,1231
0,1234
2,1235
4,1236
0,1237
3,1238
3,1239
2,1240
5,1242
3,1243
1,1244
1,1245
2,1246
5,1247
1,1248
0,1249
2,1250
1,1251
3,1252
2,1253
4,1254
0,1256
2,1257
1,1258
2,1259
2,1260
3,1261
3,1262
4,1263
1,1265
1,1266
0,1267
1,1268
0,1269
0,1271
1,1272
4,1273
0,1275
2,1276
1,1278
2,1280
0,1282
4,1283
2,1284
4,1286
1,1287
2,1288
1,1289
0,1290
0,1291
1,1292
0,1293
1,1294
1,1295
0,1296
2,1297
2,1298
1,1299
3,1301
3,1302
1,1304
3,1305
2,1306
3,1308
0,1309
2,1310
1,1312
1,1313
2,1314
3,1315
2,1316
2,1317
2,1318
2,1319
3,1320
2,1321
1,1322
0,1324
2,1325
2,1327
1,1329
2,1330
2,1331
3,1332
3,1333
1,1334
0,1336
3,1337
2,1339
1,1341
1,1342
2,1343
0,1344
0,1348
1,1349
2,1350
1,1352
0,1353
0,1354
2,1355
3,1356
1,1357
3,1358
0,1359
2,1361
1,1362
3,1363
3,1364
1,1366
3,1367
1,1368
4,1369
1,1370
1,1371
1,1372
1,1373
0,1375
0,1376
1,1378
1,1379
3,1380
1,1381
1,1382
2,1383
2,1384
3,1385
0,1386
0,1387
1,1388
4,1389
1,1390
1,1391
3,1392
0,1394
1,1395
0,1396
4,1397
1,1398
1,1399
4,1400
3,1401
0,1402
1,1403
0,1404
3,1405
1,1407
1,1409
0,1410
1,1411
1,1412
1,1413
0,1414
1,1415
0,1416
3,1417
1,1418
2,1419
2,1420
0,1422
1,1423
1,1424
0,1425
2,1426
2,1427
2,1428
2,1429
1,1430
1,1431
1,1432
0,1433
1,1434
2,1435
1,1437
4,1438
2,1439
0,1440
1,1441
1,1442
1,1444
3,1445
1,1446
2,1447
0,1448
4,1449
4,1450
0,1451
2,1452
2,1453
2,1454
1,1456
1,1457
1,1458
1,1459
0,1460
3,1461
0,1462
2,1463
1,1464
3,1465
1,1466
0,1467
3,1469
0,1470
1,1471
0,1472
1,1474
0,1475
3,1476
0,1477
1,1478
2,1479
1,1480
0,1481
2,1482
3,1483
1,1484
1,1486
0,1487
0,1488
2,1489
2,1490
1,1491
1,1492
1,1493
2,1495
0,1496
3,1497
1,1498
0,1499
3,1500
1,1501
0,1502
8,1503
2,1504
2,1505
1,1506
2,1507
1,1508
3,1509
3,1510
1,1511
1,1512
1,1513
2,1514
1,1515
2,1516
1,1518
2,1519
2,1520
2,1521
3,1522
1,1523
2,1524
2,1525
1,1526
2,1527
0,1528
3,1530
2,1536
0,1537
0,1540
3,1541
3,1542
0,1543
1,1544
1,1545
2,1546
1,1547
1,1548
1,1549
1,1550
2,1551
2,1553
0,1554
1,1555
2,1556
0,1557
2,1558
2,1559
2,1560
0,1561
2,1562
0,1563
1,1564
1,1565
0,1566
2,1567
0,1568
1,1569
0,1570
2,1571
1,1572
1,1573
1,1574
1,1575
1,1576
3,1577
1,1578
2,1579
2,1580
0,1581
1,1582
1,1583
0,1584
1,1585
1,1587
1,1588
1,1589
1,1590
1,1591
2,1592
3,1593
3,1595
3,1596
0,1597
2,1598
2,1599
1,1600
0,1601
3,1603
2,1604
3,1605
1,1606
0,1607
3,1608
2,1609
0,1610
4,1611
0,1612
2,1613
3,1614
2,1616
0,1617
0,1618
1,1619
0,1621
0,1622
1,1623
1,1624
2,1625
0,1626
1,1627
2,1628
1,1629
2,1630
2,1631
2,1632
0,1633
0,1634
2,1635
1,1637
2,1638
2,1640
3,1641
1,1642
1,1643
3,1644
1,1645
3,1646
1,1648
0,1649
0,1650
1,1651
1,1653
1,1655
3,1656
1,1657
2,1658
2,1659
0,1660
3,1661
1,1662
1,1664
2,1665
3,1666
2,1667
0,1668
1,1669
1,1670
1,1671
2,1672
2,1673
5,1674
0,1676
2,1677
1,1678
1,1679
2,1681
1,1682
1,1683
2,1684
2,1685
3,1686
2,1687
3,1688
3,1689
1,1690
1,1691
1,1694
2,1696
1,1697
1,1698
0,1699
4,1700
2,1701
2,1704
3,1706
1,1707
4,1709
3,1710
2,1711
0,1712
4,1713
3,1715
0,1716
1,1717
1,1718
2,1720
1,1721
1,1722
1,1723
2,1724
1,1725
2,1726
1,1727
1,1728
4,1729
2,1730
2,1731
3,1733
0,1734
1,1735
0,1736
0,1738
0,1739
0,1741
3,1742
1,1743
1,1744
0,1745
0,1746
1,1748
1,1749
3,1750
1,1752
2,1754
1,1756
1,1757
2,1758
0,1759
0,1760
2,1761
1,1762
0,1763
1,1764
2,1767
2,1768
2,1770
0,1771
2,1772
1,1773
1,1774
1,1775
0,1776
0,1777
2,1779
1,1780
1,1781
1,1782
1,1783
1,1784
2,1786
0,1787
1,1788
1,1789
0,1790
2,1791
1,1792
0,1793
1,1794
1,1796
1,1797
0,1798
1,1799
1,1800
0,1801
2,1802
5,1803
1,1804
3,1806
0,1807
3,1808
3,1809
1,1810
0,1811
3,1812
1,1813
0,1814
0,1815
0,1816
2,1817
2,1818
3,1819
0,1820
1,1821
1,1822
2,1823
2,1824
1,1825
3,1826
3,1827
2,1828
2,1829
1,1830
1,1831
7,1832
1,1833
2,1834
0,1835
4,1836
0,1837
1,1839
1,1840
2,1841
2,1842
2,1844
1,1847
2,1848
2,1849
1,1853
0,1854
1,1855
2,1856
1,1857
0,1859
0,1860
0,1861
1,1864
0,1865
0,1868
3,1869
0,1871
0,1872
2,1873
1,1874
2,1875
1,1876
1,1877
1,1878
2,1880
2,1883
1,1884
2,1885
1,1886
3,1887
2,1889
4,1891
3,1892
3,1895
0,1896
1,1897
1,1898
1,1900
1,1901
1,1902
1,1903
2,1906
1,1907
2,1908
2,1909
0,1910
0,1911
4,1912
2,1914
3,1915
1,1916
1,1917
2,1918
1,1919
1,1921
3,1922
4,1923
1,1924
1,1925
2,1926
2,1927
3,1928
1,1929
0,1930
1,1931
1,1932
1,1933
2,1937
1,1938
1,1939
1,1941
1,1942
2,1943
0,1944
1,1945
1,1946
1,1947
0,1948
1,1949
0,1950
1,1952
1,1953
0,1954
0,1956
3,1957
1,1958
3,1959
2,1960
0,1961
3,1962
3,1963
0,1964
1,1965
1,1967
3,1968
1,1969
1,1970
5,1971
1,1972
2,1973
5,1974
2,1976
1,1977
1,1980
4,1981
1,1982
0,1983
3,1984
2,1986
0,1987
0,1988
1,1989
2,1990
2,1991
1,1992
2,1993
0,1994
0,1995
1,1996
1,1997
3,1998
2,1999
0,2000
3,2001
3,2003
1,2004
4,2005
1,2006
3,2007
3,2008
3,2009
0,2010
0,2011
3,2012
1,2013
2,2014
3,2015
0,2016
3,2017
3,2018
1,2019
1,2020
2,2021
1,2022
1,2023
1,2024
2,2025
2,2026
1,2027
1,2028
1,2031
5,2032
2,2033
1,2035
3,2036
3,2037
1,2038
1,2040
2,2041
2,2042
1,2043
3,2044
0,2045
4,2046
1,2047
3,2048
3,2049
2,2050
1,2051
1,2052
2,2053
0,2054
1,2055
1,2056
3,2057
2,2058
0,2059
0,2061
0,2062
1,2063
2,2064
2,2065
1,2066
0,2067
4,2068
1,2069
1,2071
2,2072
3,2073
1,2074
2,2075
2,2076
0,2078
1,2079
2,2080
0,2081
1,2082
0,2083
3,2084
2,2085
1,2086
1,2087
4,2088
2,2089
1,2090
2,2091
2,2092
2,2093
0,2094
0,2095
0,2096
0,2097
2,2098
1,2099
0,2101
0,2102
2,2103
2,2105
0,2106
0,2109
3,2110
2,2111
0,2112
3,2115
1,2117
4,2118
1,2121
1,2122
0,2123
1,2124
3,2125
1,2126
1,2127
3,2128
2,2129
2,2130
1,2131
1,2132
3,2133
2,2134
1,2135
0,2136
1,2137
0,2138
3,2139
4,2141
2,2142
3,2144
1,2145
1,2146
0,2147
1,2149
0,2150
2,2152
1,2153
2,2154
2,2155
3,2157
2,2158
1,2160
0,2162
1,2163
1,2164
2,2166
2,2167
1,2168
1,2169
0,2170
0,2171
1,2172
0,2173
1,2175
3,2176
2,2177
2,2178
0,2179
2,2180
2,2181
1,2182
0,2183
3,2184
1,2185
1,2186
2,2189
3,2190
1,2191
1,2192
2,2193
2,2194
2,2195
1,2196
0,2197
2,2198
0,2199
2,2200
1,2201
2,2202
1,2203
2,2205
3,2206
1,2207
0,2208
1,2209
3,2210
4,2212
1,2213
1,2215
2,2217
2,2218
3,2220
3,2221
2,2222
0,2223
6,2224
2,2225
1,2226
1,2227
2,2228
2,2229
2,2230
2,2231
3,2232
0,2233
1,2234
2,2235
1,2236
2,2237
2,2240
0,2241
1,2242
2,2243
2,2244
1,2245
2,2246
1,2247
0,2248
5,2249
3,2250
1,2251
1,2252
1,2253
1,2254
1,2255
0,2256
1,2257
1,2258
3,2260
1,2261
4,2262
1,2263
1,2264
3,2265
0,2266
1,2267
0,2269
0,2270
3,2271
1,2272
2,2273
2,2274
4,2275
0,2276
3,2277
0,2278
1,2279
1,2280
2,2281
0,2282
3,2283
2,2285
1,2286
0,2287
3,2288
0,2289
1,2290
0,2292
2,2293
1,2294
0,2295
0,2296
1,2297
2,2298
1,2299
0,2300
0,2301
2,2302
2,2303
2,2304
0,2305
3,2306
1,2307
3,2308
1,2309
0,2310
3,2311
1,2312
0,2313
3,2314
3,2315
2,2316
1,2317
3,2318
0,2319
3,2320
1,2321
1,2322
5,2323
1,2324
0,2327
1,2329
1,2330
1,2331
1,2332
1,2333
2,2334
3,2335
1,2337
4,2338
2,2339
1,2340
0,2341
0,2342
2,2343
1,2345
0,2346
2,2347
2,2349
0,2350
0,2351
2,2352
0,2353
1,2354
2,2356
0,2359
1,2360
2,2361
3,2362
3,2363
0,2364
0,2365
1,2366
1,2367
3,2368
1,2369
4,2371
1,2372
2,2373
0,2374
0,2375
2,2376
3,2379
2,2380
1,2382
0,2383
2,2384
0,2385
0,2386
0,2391
2,2392
1,2393
0,2394
3,2395
4,2396
2,2397
1,2399
1,2400
0,2401
2,2404
1,2405
2,2407
1,2409
2,2410
0,2411
1,2412
0,2414
0,2415
2,2417
2,2418
0,2419
2,2423
0,2424
1,2425
2,2426
1,2427
2,2428
2,2430
0,2431
1,2432
2,2434
0,2435
1,2436
1,2437
2,2439
1,2440
0,2441
1,2442
3,2443
0,2444
5,2445
1,2446
2,2447
1,2448
3,2449
3,2450
1,2451
1,2453
1,2454
1,2455
1,2456
4,2457
1,2458
1,2459
4,2460
2,2461
0,2462
2,2463
2,2464
1,2465
3,2466
0,2467
1,2468
3,2470
3,2471
0,2472
0,2474
0,2475
1,2476
1,2477
1,2478
1,2479
3,2481
1,2482
2,2483
2,2484
0,2485
1,2486
0,2487
0,2488
0,2489
1,2491
2,2492
0,2493
1,2495
1,2496
1,2497
2,2498
1,2499
1,2500
1,2501
0,2502
2,2503
2,2504
1,2505
3,2506
1,2507
0,2508
2,2509
2,2510
2,2511
3,2512
0,2513
2,2514
0,2515
2,2517
0,2518
2,2519
2,2520
1,2521
1,2522
2,2523
3,2524
1,2525
0,2526
2,2528
3,2529
2,2530
2,2531
1,2532
2,2533
1,2535
3,2538
1,2539
1,2541
2,2542
1,2544
3,2545
0,2546
2,2547
2,2548
1,2549
2,2550
1,2551
1,2552
1,2553
6,2554
2,2555
2,2556
2,2557
0,2558
0,2559
1,2560
1,2561
1,2562
1,2563
1,2564
1,2565
0,2566
2,2567
3,2569
3,2570
1,2571
2,2572
1,2575
2,2577
2,2578
0,2579
1,2580
0,2581
2,2583
1,2584
3,2585
3,2586
1,2587
3,2588
2,2589
1,2590
3,2591
5,2593
0,2594
1,2597
2,2598
1,2599
1,2601
1,2602
2,2604
3,2605
2,2606
3,2608
4,2609
1,2610
1,2611
0,2612
2,2613
1,2614
1,2616
0,2617
2,2618
1,2619
1,2621
4,2622
4,2623
2,2624
2,2626
2,2627
1,2628
4,2629
2,2631
2,2632
1,2633
0,2634
2,2635
1,2636
2,2637
3,2638
2,2639
1,2640
3,2641
1,2642
1,2643
3,2644
0,2645
5,2647
1,2649
1,2650
2,2651
3,2652
0,2653
1,2654
1,2655
1,2656
2,2657
3,2658
0,2659
2,2660
0,2662
2,2664
3,2666
3,2668
0,2669
2,2670
2,2671
2,2672
0,2675
0,2676
0,2677
2,2679
1,2680
2,2681
0,2683
1,2684
2,2685
3,2686
2,2687
1,2689
0,2690
3,2691
2,2692
1,2693
3,2694
2,2696
0,2698
1,2699
0,2700
3,2702
1,2703
1,2704
2,2705
4,2706
0,2707
2,2708
0,2710
1,2712
0,2713
2,2714
1,2715
1,2716
2,2717
0,2718
1,2719
1,2720
1,2721
1,2722
2,2723
2,2724
0,2726
2,2727
0,2728
2,2729
2,2730
1,2731
2,2734
1,2735
3,2737
1,2738
1,2739
0,2740
0,2741
1,2742
2,2743
2,2744
1,2745
3,2747
2,2749
1,2750
1,2751
0,2752
3,2753
2,2754
1,2755
0,2756
2,2757
2,2758
0,2759
1,2760
1,2762
3,2763
3,2764
2,2765
1,2766
1,2767
3,2768
1,2769
1,2770
2,2771
1,2772
1,2776
0,2777
2,2778
1,2779
0,2780
3,2781
2,2782
3,2783
1,2784
1,2788
0,2789
2,2790
0,2791
0,2792
1,2793
2,2794
1,2796
0,2797
2,2798
1,2799
3,2800
4,2802
2,2803
3,2804
1,2805
1,2806
2,2807
2,2808
1,2809
1,2810
0,2811
2,2812
2,2813
3,2814
1,2815
2,2816
1,2818
1,2819
4,2821
0,2822
0,2823
2,2824
2,2826
2,2827
1,2830
1,2831
1,2832
3,2833
2,2834
1,2835
3,2836
2,2837
1,2838
2,2839
0,2841
0,2842
0,2843
1,2844
1,2845
0,2846
1,2847
0,2848
0,2849
1,2850
2,2851
2,2852
1,2853
2,2854
1,2855
1,2856
0,2857
1,2858
1,2859
0,2860
2,2861
4,2862
0,2863
3,2864
0,2865
2,2867
1,2868
1,2870
2,2871
2,2872
2,2873
2,2874
3,2876
3,2877
2,2878
0,2879
1,2880
1,2881
1,2882
1,2884
1,2886
1,2887
2,2888
1,2889
0,2891
0,2892
1,2893
0,2894
3,2895
0,2896
1,2897
0,2898
2,2899
1,2900
2,2903
5,2904
2,2905
3,2906
1,2907
0,2908
2,2910
2,2911
1,2912
0,2913
1,2914
4,2915
4,2916
2,2917
0,2918
4,2919
0,2920
1,2921
2,2922
2,2923
2,2924
1,2928
2,2929
3,2930
1,2931
2,2932
1,2933
1,2934
0,2936
0,2938
1,2939
0,2940
1,2941
4,2942
0,2944
0,2945
0,2946
1,2947
1,2949
2,2950
2,2952
7,2954
3,2955
1,2956
1,2957
1,2958
1,2960
1,2963
0,2964
1,2966
1,2967
0,2968
2,2970
1,2971
0,2974
1,2975
0,2976
1,2977
0,2978
1,2979
1,2982
2,2983
1,2984
1,2985
3,2986
2,2987
3,2989
1,2991
1,2992
1,2993
1,2994
2,2996
1,2997
0,2998
0,2999
1,3000
3,3001
1,3002
1,3004
1,3005
2,3006
1,3007
3,3008
0,3009
5,3010
2,3011
1,3012
1,3013
2,3014
0,3015
2,3016
1,3017
5,3018
2,3019
1,3021
0,3022
0,3023
1,3025
2,3026
6,3027
4,3028
1,3029
0,3030
3,3031
3,3032
1,3033
1,3034
1,3035
3,3037
0,3038
2,3039
1,3040
0,3041
0,3042
0,3043
1,3044
1,3045
1,3047
2,3048
0,3049
3,3050
1,3052
2,3053
0,3054
0,3055
2,3056
2,3057
1,3058
3,3059
2,3060
3,3061
2,3062
0,3063
1,3064
3,3066
3,3067
0,3068
2,3069
1,3070
1,3072
2,3074
1,3075
2,3076
2,3077
0,3078
1,3079
0,3081
6,3082
3,3083
0,3084
2,3085
3,3086
3,3087
0,3088
1,3089
3,3090
1,3091
1,3092
0,3093
1,3095
1,3096
3,3097
2,3098
0,3099
0,3100
0,3101
1,3102
3,3103
2,3104
0,3105
0,3106
1,3107
1,3108
2,3109
0,3110
1,3111
1,3112
0,3115
4,3116
1,3117
2,3118
1,3119
0,3120
2,3121
1,3122
3,3123
0,3124
3,3125
0,3127
3,3129
2,3130
3,3131
5,3132
2,3134
3,3135
1,3136
1,3137
3,3138
2,3139
2,3140
5,3141
1,3142
2,3143
3,3144
3,3146
1,3147
4,3148
1,3150
2,3151
1,3153
2,3154
2,3155
2,3156
3,3157
3,3159
1,3160
0,3161
2,3162
0,3163
2,3164
1,3165
1,3166
1,3168
0,3171
1,3172
3,3173
3,3174
2,3175
0,3176
0,3177
1,3178
0,3179
1,3180
1,3181
5,3182
3,3183
2,3184
0,3185
0,3186
3,3187
1,3188
1,3189
2,3193
1,3194
0,3195
2,3196
1,3197
0,3198
2,3199
1,3200
1,3201
1,3202
3,3203
1,3204
1,3205
1,3207
0,3208
2,3209
1,3211
2,3212
0,3213
1,3214
3,3215
1,3216
0,3217
1,3218
2,3219
2,3220
0,3221
1,3222
3,3223
2,3224
2,3226
0,3228
5,3229
1,3230
1,3231
1,3232
1,3233
0,3234
1,3235
3,3236
0,3237
1,3238
2,3240
1,3241
0,3243
1,3245
3,3246
0,3249
0,3250
0,3251
2,3252
0,3253
1,3254
1,3255
3,3257
2,3258
2,3259
1,3260
1,3261
1,3262
1,3263
2,3264
0,3265
3,3267
1,3268
1,3270
2,3271
2,3272
3,3274
1,3275
1,3276
1,3277
2,3278
2,3279
2,3280
1,3282
3,3283
3,3284
1,3285
0,3286
0,3287
1,3289
1,3290
0,3291
1,3293
0,3294
1,3295
1,3296
1,3297
1,3298
1,3299
2,3300
1,3301
1,3303
2,3304
2,3306
1,3307
4,3308
1,3309
4,3310
2,3311
2,3312
2,3313
1,3314
1,3315
0,3316
0,3317
1,3318
2,3319
3,3320
3,3322
1,3325
2,3326
1,3327
2,3328
2,3329
3,3330
2,3331
2,3332
0,3333
